{"cameraMode":{"drawMode":0,"name":"Shaded","section":"Shading Mode"},"sceneLighting":true,"audioPlay":false,"sceneViewState":{"showFog":false,"showMaterialUpdate":false,"showSkybox":false,"showFlares":false,"showImageEffects":false,"showParticleSystems":false},"in2DMode":false,"pivot":{"x":6.1940202713012699,"y":5.002508163452148,"z":2.6558151245117189},"rotation":{"x":-0.0003953026607632637,"y":0.9439758062362671,"z":-0.33001258969306948,"w":-0.0011319805635139347},"size":41.87872314453125,"orthographic":false}