{"cameraMode":{"drawMode":0,"name":"Shaded","section":"Shading Mode"},"sceneLighting":true,"audioPlay":false,"sceneViewState":{"showFog":false,"showMaterialUpdate":false,"showSkybox":false,"showFlares":false,"showImageEffects":false,"showParticleSystems":false},"in2DMode":false,"pivot":{"x":7.817897796630859,"y":9.471931457519532,"z":-5.077447891235352},"rotation":{"x":-0.03083123080432415,"y":0.8751440048217773,"z":-0.47959068417549136,"w":-0.05626089870929718},"size":56.2333869934082,"orthographic":false}