{"cameraMode":{"drawMode":0,"name":"Shaded","section":"Shading Mode"},"sceneLighting":true,"audioPlay":false,"sceneViewState":{"showFog":false,"showMaterialUpdate":false,"showSkybox":false,"showFlares":false,"showImageEffects":false,"showParticleSystems":false},"in2DMode":false,"pivot":{"x":9.048935890197754,"y":6.771411895751953,"z":-3.4267940521240236},"rotation":{"x":0.002488628262653947,"y":0.8552133440971375,"z":-0.5182540416717529,"w":0.004105224274098873},"size":48.69626998901367,"orthographic":false}