{"cameraMode":{"drawMode":0,"name":"Shaded","section":"Shading Mode"},"sceneLighting":true,"audioPlay":false,"sceneViewState":{"showFog":false,"showMaterialUpdate":false,"showSkybox":false,"showFlares":false,"showImageEffects":false,"showParticleSystems":false},"in2DMode":false,"pivot":{"x":9.25920295715332,"y":2.837852954864502,"z":-3.503474235534668},"rotation":{"x":-0.014809119515120983,"y":0.9425390958786011,"z":-0.3310943841934204,"w":-0.042158905416727069},"size":8.085460662841797,"orthographic":false}