{"cameraMode":{"drawMode":0,"name":"Shaded","section":"Shading Mode"},"sceneLighting":true,"audioPlay":false,"sceneViewState":{"showFog":false,"showMaterialUpdate":false,"showSkybox":false,"showFlares":false,"showImageEffects":false,"showParticleSystems":false},"in2DMode":false,"pivot":{"x":7.305418014526367,"y":3.1815528869628908,"z":2.8675270080566408},"rotation":{"x":0.0992874950170517,"y":0.8720470666885376,"z":-0.4362083375453949,"w":0.19848990440368653},"size":41.750675201416019,"orthographic":false}