{"cameraMode":{"drawMode":0,"name":"Shaded","section":"Shading Mode"},"sceneLighting":false,"audioPlay":false,"sceneViewState":{"showFog":false,"showMaterialUpdate":false,"showSkybox":false,"showFlares":false,"showImageEffects":false,"showParticleSystems":false},"in2DMode":false,"pivot":{"x":-11.384869575500489,"y":18.21515655517578,"z":2.2759616374969484},"rotation":{"x":0.015516724437475205,"y":-0.8222963213920593,"z":0.5684049129486084,"w":0.022447513416409494},"size":15.285650253295899,"orthographic":false}