{"cameraMode":{"drawMode":0,"name":"Shaded","section":"Shading Mode"},"sceneLighting":true,"audioPlay":false,"sceneViewState":{"showFog":false,"showMaterialUpdate":false,"showSkybox":false,"showFlares":false,"showImageEffects":false,"showParticleSystems":false},"in2DMode":false,"pivot":{"x":8.161360740661621,"y":3.348198890686035,"z":4.959737777709961},"rotation":{"x":-0.014109639450907708,"y":0.8031732439994812,"z":-0.5952741503715515,"w":-0.019038695842027665},"size":48.69626998901367,"orthographic":false}