{"cameraMode":{"drawMode":0,"name":"Shaded","section":"Shading Mode"},"sceneLighting":true,"audioPlay":false,"sceneViewState":{"showFog":false,"showMaterialUpdate":false,"showSkybox":false,"showFlares":false,"showImageEffects":false,"showParticleSystems":false},"in2DMode":false,"pivot":{"x":-1.9576271772384644,"y":3.5425376892089845,"z":-6.832630157470703},"rotation":{"x":-0.0027928270865231754,"y":-0.9218829870223999,"z":0.38740137219429018,"w":-0.006645943503826857},"size":87.49032592773438,"orthographic":false}